"ID"	"Taxon"	"Confidence"	"sequence"	"sampleID_1"	"sampleID_1a"	"sampleID_2"	"sampleID_2a"
"02b4cbe5c2955ab2f66dc82cdf6dad64"	"k__Bacteria; p__Proteobacteria; c__Betaproteobacteria; o__Burkholderiales; f__Comamonadaceae; g__; s__"	0.930783430713041	"TACGTAGGGTGCGAGCGTTAATCGGAATTACTGGGCGTAAAGCGTGCGCAGGCGGCTTTGCAAGACAGATGTGAAATCCCCGGGCTCAACCTGGGAACTGCATTTGTGACTGCAAGGCTAGAGTACGGCAGAGGGGGATGGAATTCCGCGTGTAGCAGTGAAATGCGTAGATATGCGGAGGAACACCAATGGCGAAGGCAATCCCCTGGGCCTGTACTGACGCTCATGCACGAAAGCGTGGGGAGCAAACAGG"	0.0524861878453039	0	0.0303030303030303	0.0373831775700935
"1304d0f9dc2397bbf02e61577a2f5adc"	"k__Bacteria; p__OD1; c__; o__; f__; g__; s__"	0.999975815681623	"TACGTGTGGTGCAAACGTTGTCCGGAATCACTGGGCGTAAAGAGTACGTAGGTGGTTTGAGAAGTCTCCAATTAAAGACCAAGGCCTAACCTTGGGAATGTTGGAGATACCATCAAACTTGAGGATCGCAGGGGCTAGCGGAACGATCGGTGTAGGAGTGGAATCCGTTGATATCGATCGGAACACCAAAGGCGAAGGCAGCTAGCTAGGCGGATCCTGACACTCAGGTACGAAAGCGTGGGGAGCGAATGGG"	0	0.0276243093922652	0	0.014018691588785
"1f8747026500ce37ab66b935d9b1b53e"	"k__Bacteria; p__Nitrospirae; c__Nitrospira; o__Nitrospirales; f__[Thermodesulfovibrionaceae]; g__BD2-6; s__"	0.965861099888068	"GACAGAGGTGGCAAGCGTTGTTCGGAATTACTGGGCTTAAAGGGCGCGTAGGCGTTCCAATAAGTCAGATGTGGAATCCTTAGGCTTAACCTAAGAATTGCATTTGAAACTGTTGGAATTGAGTAAGGCTGGGGAGGGCAGAATTCCTGGTGTAGCGGTGAAATGCGTAGATATCAGGAGGAAGGCCAGTGGCGAAGGTGGCCCTCTGGGCCTTAACTGACGCTGAGGCGCGAAAGCGTGGGTAGCAAACAGG"	0	0.206261510128913	0	0.191588785046729
"25e119f38effd7d58bf3442bd40eaf00"	"k__Bacteria; p__OP3; c__koll11"	0.819888029984659	"TACGGAGGTGGCAAGCGTTACTCGGATTTATTGGGTGTAAAGGGCAGGTAGGTGGTTCTGTAAGTCGGAAGTGAAATCCCCCGGCTCAACCGGGGAACTGCTTTCGAAACTGCAGGACTTGAGACTAGAAGAGGAGAGCGGAATTCCCGGTGTAAGGGTGAAATCTGTAGATATCGGGAGGAACACCAGTAGCGAAGGCGGCTCTCTGGGCTAGTTCTGACACTGAGCTGCGAAAGCTAGGGGAGCAAACAGG"	0.0497237569060773	0	0.0886644219977553	0
"266d3c050f6688d15024f3c36c9328d8"	"k__Bacteria; p__Nitrospirae; c__Nitrospira; o__Nitrospirales; f__0319-6A21; g__; s__"	0.999827066232161	"GACAGAGGGGGCAAGCGTTGCTCGGAATTATTGGGCGTAAAGGGCGCGTAGGCGGGGCGGCAAGTCGGTCGTGAAAGCCTCCGGCTCAACCGGGGAAGGTCGATCGATACTGCCGTTCTTGAGGGTAAGAGAGGAGACTGGAATTCCCGGTGTAGCGGTGAAATGTGTAGAGATCGGGAGGAACACCGGTGGCGAAGGCGGGTCTCTGGCTTATCTCTGACGCTGAGGCGCGAAGGCGTGGGGAGCAAACGGG"	0	0.0239410681399632	0	0.0124610591900312
"2bfdfef3ab9fe4d267c52f8ee5c80ddd"	"k__Bacteria; p__Nitrospirae; c__Nitrospira; o__Nitrospirales; f__[Thermodesulfovibrionaceae]"	0.995246960999025	"GACAGAGGTGGCGAGCGTTGTTCGGAATTACTGGGCTTAAAGGGCGCGTAGGCGGTAAGATAAGTCTGTGGTGAAATCCTATGGCTTAACCATAGAATTGCCATGGAAACTGTTTTACTTGAGTCAGCGAGGGGATGGTGGAATTCCTGGTGTAGCAGTGAAATGCGTAGATATCCGGAGGAAGGCCGGTGGCGAAGGCGGCCATCTGGCGCTGAACTGACGCTGAGGCGCGAAAGCGTGGGTAGCAAACAGG"	0	0.0110497237569061	0.0101010101010101	0.0233644859813084
"3421464bea79a54e7eef62009457230b"	"k__Bacteria; p__GN02; c__GKS2-174; o__; f__; g__; s__"	0.944903744110726	"GACGTAGGATGCAAGCGTTACTCGGAATCACTGGGCGTAAAGCGTCTGTAGGCGTTTCATCAAGTCTGGTGTGAAAGTGCGAAGCTCAACTTCGTGTCTGCACTGGAAACTAATGAAATCGAGAGATCCAGAGGTACCTGGAATGCTGTGTGTAGGGGTAAAATCCGTAGATACACAGTAGAACGCTCAAAGCGAAAGCAGGGTACTGGGGATTTTCTGACGCTGAGAGACGAAAGCGTGGGGAGCAAACCGG"	0	0.0699815837937385	0	0.0700934579439252
"38c27ceaed634984c1225a82648cf571"	"k__Bacteria; p__Proteobacteria; c__Gammaproteobacteria; o__Pseudomonadales; f__Pseudomonadaceae; g__Pseudomonas; s__"	0.810812036570099	"TACAGAGGGTGCAAGCGTTAATCGGAATTACTGGGCGTAAAGCGCGCGTAGGTGGTTTGTTAAGTTGGATGTGAAAGCCCCGGGCTCAACCTGGGAACTGCATCCAAAACTGGCAAGCTAGAGTATGGTAGAGGGTGGTGGAATTTCCTGTGTAGCGGTGAAATGCGTAGATATAGGAAGGAACACCAGTGGCGAAGGCGACCACCTGGACTGATACTGACACTGAGGTGCGAAAGCGTGGGGAGCAAACAGG"	0.146408839779006	0.0220994475138122	0.0628507295173962	0.0996884735202492
"3ebe761bfb1238c87195d431f41bf976"	"k__Bacteria; p__Proteobacteria; c__Gammaproteobacteria; o__Pseudomonadales; f__Moraxellaceae; g__Acinetobacter; s__"	0.999999991154766	"TACAGAGGGTGCGAGCGTTAATCGGATTTACTGGGCGTAAAGCGTGCGTAGGCGGCTTTTTAAGTCGGATGTGAAATCCCTGAGCTTAACTTAGGAATTGCATTCGATACTGGGAAGCTAGAGTATGGGAGAGGATGGTAGAATTCCAGGTGTAGCGGTGAAATGCGTAGAGATCTGGAGGAATACCGATGGCGAAGGCAGCCATCTGGCCTAATACTGACGCTGAGGTACGAAAGCATGGGGAGCAAACAGG"	0.229281767955801	0.0294659300184162	0.111111111111111	0.0280373831775701
"54c05a1e59ddd42bd97a0a8f522bf591"	"k__Bacteria; p__OP3; c__; o__; f__; g__; s__"	0.967985417225304	"TACGGAGGTGGCAAGCGTTACTCGGATTTATTGGGTGTAAAGGGCAAGTAGGCGGTTGCGCAAGTCGAATGTGAAAGCCCACGGCTTAACCGTGGAAGTGCATTCGAAACTACGCGACTCGAGTGTGGGAGAGGAGAGCGGAATTCCCGGTGTAAGGGTGAAATCTGTGGATATCGGGAGGAACACCAGTGGCGAAGGCGGCTCTCTGGCCCATAACTGACGCTGAGAGGCGAAAGCGTGGGGAGCAAACAGG"	0	0.00736648250460405	0	0.0109034267912773
"59dd6d3f3f896c4309537cf26c3597a3"	"k__Bacteria; p__Proteobacteria; c__Betaproteobacteria; o__Gallionellales; f__Gallionellaceae; g__Gallionella; s__"	0.999990778036239	"TACGTAGGGTGCGAGCGTTAATCGGAATTACTGGGCGTAAAGCGTGCGCAGGCGGTTTGGTAAGACAGATGTGAAATCCCCGGGCTTAACCTGGGAACTGCATTTGTGACTGCCAGACTAGAGTGTAGCAGAGGGGGGTAGAATTCCACGTGTAGCAGTGAAATGCGTAGAGATGTGGAGGAATACCGATGGCGAAGGCAGCCCCCTGGGCTAACACTGACGCTCATGCACGAAAGCGTGGGGAGCAAACAGG"	0.0331491712707182	0	0.0291806958473625	0
"615d65be0a5ba4f62e9d7aa1bffb4277"	"k__Bacteria; p__OD1; c__ABY1; o__; f__; g__; s__"	0.996585840384937	"TACGAGTGGTCCAAGCGTTACCCGGATTTATTGGGCGTAAAGCGTCCGCAGGCGGCCTGCCGCATCTTTGGTTAAATCCCGATGCTCAACATCGGGATCGCTGGAGAGATGGGCGGGCTTGAGGCCGGGAGAGGGGAACGGAATTGCTGGTGTAGGAGTAAAATCCGTTTATATCAGCAAGAACGCCAAAGGCGAAAGCAGTTCCCTGGAACGGCCCTGACGCTCATGGACGAAAGCGTGGGGAGCGAATGGG"	0	0.0257826887661142	0	0.029595015576324
"67e959ec1398cee2946858ecda5af98b"	"k__Bacteria"	0.999999999972087	"TACAGAGGGTGCGAGCGTTGTCCGGAATCACTGGGCGTAAAGGGCGTGTAGGCGGCTGGGTAAGCCGCGTGTGAAATCCCGGGGCTCAACCCCGGAACGGCACGCGGGACTGTCCGGCTAGAGAATGGTAGAGGCAAGTGGAATTCCTGGTGTAGCGGTGGAATGCGTAGAGATCAGGAAGAACACCGGTGGCGAAGGCGGCTTGCTGGGCCATTTCTGACGCTGAGGCGCGAAAGCGTGGGGAGCAAACAGG"	0.00828729281767956	0	0.00448933782267116	0
"7346ee25c4de4df48f80d736342c1c02"	"k__Bacteria"	0.999999999982424	"GACAGAGGTGGCAAGCGTTGTTCGGATTTACTGGGCGTAAAGGGTGCGTAGGTGGTTAGGTAAGACCTGCGGGAAAGACCTGGGCTTAACCCAGGAAGGTCGTAGGTGACTGCCTGGCTAGAGGGCGGGAGAGGAGAGCGGAATTCCCGGTGTAGCGGTGAAATGCGTAGAGATCGGGAGGAAGGCCGGTGGCGAAGGCGGCTCTCTGGAACGTTCCTGACACTGAGGCACGAAAGCGTGGGGAGCAAACAGG"	0.0331491712707182	0.00920810313075507	0.0325476992143659	0.00778816199376947
"7da5a08a0f3713731b1ec0bdefe97783"	"k__Bacteria; p__Proteobacteria; c__Deltaproteobacteria; o__DTB120; f__; g__; s__"	0.999264806572585	"TACGTAGGATGCAAGCGTTGCTCGGAATTATTGGGTGTAAAGGGCGCGTAGGTGGCCTGGTAAGTCATAGGTGAAAGCCCCCGGCTTAACTGGGGAAATGCCCATGATACTGCCGGGCTTGAGTACGGGAGAGGGAAGCGGAATTCCTGGTGTAGCGGTGAAATGCGTAGATATCAGGAGGAACACCGGTGGCGAAGGCGGCTTCCTGGACCGATACTGACACTGAGGCGCGAAAGCGTGGGGAGCAAACAGG"	0	0.0147329650092081	0	0.0109034267912773
"7e7deb01f0491d33ecb87427fcbeb1ee"	"k__Bacteria; p__Bacteroidetes; c__[Saprospirae]; o__[Saprospirales]; f__Chitinophagaceae; g__Sediminibacterium; s__"	0.966068710615518	"TACGGAGGGTGCAAGCGTTATCCGGATTCACTGGGTTTAAAGGGTGCGTAGGCGGGCAGGTAAGTCAGTGGTGAAATCCTAGAGCTTAACTCTAGAACTGCCATTGATACTATCTGTCTTGAATATTGTGGAGGTAAGCGGAATATGTCATGTAGCGGTGAAATGCTTAGATATGACATAGAACACCTATTGCGAAGGCAGCTTACTACGCATATATTGACGCTGAGGCACGAAAGCGTGGGGATCAAACAGG"	0.0069060773480663	0	0.0145903479236813	0
"87e503bff5c5886e5938a97aa0afb1d5"	"k__Bacteria"	0.999999991808712	"TACGTAGGGGACAAGCGTTATCCGGAATTATTGGGCGTAAAGCACGTGTAGGCGGCATGGTAAGTCTGATGTTAAAGGTATGAGCTCAACTCATACAAGTCGTTAGATACTGCTGTGCTAGAGAGTAGGATGGGGAAGCGGAACTCACGGTGTAGCGGTGAAATGCGTAGATATCGTGAGGAACACCAGTGGCGAAGGCGGCTTCCTGGACTATTTCTGACGCTAAAACGTGAAAGCTAGGGGAGCAAACGGG"	0	0.0220994475138122	0	0.0155763239875389
"89fa0981707da59c8cede9f5d70afe62"	"k__Bacteria; p__OD1"	0.999990715059082	"TACGAGGAGTGCGAGCGTTATCCGGATTTATTGGGCGTAAAGGGTGTGTAGGGGGTCTTGTTAGTCTCGCTTTAAATCTTCCGGCTTAACCGGAAAAATGGGCGAGAAACGGCAAAACTTAGAGGGTGCGAGAGACTGATGGAACTCTGGGTGTAGGGGTGAAATCCGTTGATATCCAGGGGAACACCAAAGGCGAAAGCAGTCAGTTGGCGCATACCTGACCCTGAAACACGAAAGCGTGGGGATCAAATGGG"	0	0.0257826887661142	0	0.029595015576324
"8b91e5b1c412877f96a4a342ab6dc680"	"k__Bacteria; p__Proteobacteria; c__Gammaproteobacteria; o__Pseudomonadales; f__Moraxellaceae; g__Acinetobacter; s__"	0.999998729126628	"TACAGAGGGTGCGAGCGTTAATCGGATTTACTGGGCGTAAAGCGTGCGTAGGTGGCCAATTAAGTCAAATGTGAAATCCCCGAGCTTAACTTGGGAATTGCATTCGATACTGGTTGGCTAGAGTATGGGAGAGGATGGTAGAATTCCAGGTGTAGCGGTGAAATGCGTAGAGATCTGGAGGAATACCGATGGCGAAGGCAGCCATCTGGCCTAATACTGACACTGAGGTACGAAAGCATGGGGAGCAAACAGG"	0.0248618784530387	0	0.0314253647586981	0.00623052959501558
"906a06fc904a9a11c50b0a100467961b"	"k__Bacteria; p__OD1; c__ABY1; o__; f__; g__; s__"	0.99999683398931	"TACAGAGACCTCAAGCGTTATCCGGATTTATTGGGCGTAAAGCGTCCGCAGACGGTTTGGTGCGTCCCGCGTCAAATGCCCCCGCTTAACGGGGGCGCCGCGCGGGAAACGGCCAAGCTCGAGACTGGGAGAGGCAAGCGGAATTGCCGGTGTAGTAGTAAAATGCGTTAATATCGGCAAGAACACCAATTGCGAAGGCAGCTTGCTAGAACAGATCTGACGTTCATGGACGAAAGCGTGGGGAGCGAATGGG"	0	0.0128913443830571	0	0.00934579439252336
"a9cdace376f468b22ea7bac7de7e029c"	"k__Bacteria; p__Proteobacteria; c__Deltaproteobacteria; o__; f__; g__; s__"	0.724935962678166	"TACGGAGGGTGCGAGCGTTGTTCGGAATTACTGGGCGTAAAGCGCGTGTAGGCGGCCTTGCAAGTCAGGCGTGAAAGCCCTCGGCTTAACCGGGGAAGTGCGTCTGAAACTGCTTGGCTTGAGTACGGGAGAGGGAGGCGGAATTCCCAGTGTAGAGGTGAAATTCGTAGATATTGGGAGGAACACCGGTGGCGAAAGCGGCCTCCTGGACCGATACTGACGCTGAGACGCGAAAGCGTGGGGAGCAAACAGG"	0	0.0257826887661142	0	0.0124610591900312
"aeda648ef1ccaf013a70453eee0caf8a"	"k__Bacteria; p__Proteobacteria; c__Gammaproteobacteria; o__Legionellales"	0.849324038149788	"TACAGAGGGTGCAAGCGTTAATCGGAATTACTGGGCGTAAAGCGTGCGTAGGTGGTTTGATAAGTCAGATGTGAAATCCCTGGGCTCAACCTGGGAACTGCATTTGATACTGTCGAACTCGAGTTCAGTAGAGGGTAGTAGAATTCCCGGTGTAGCGGTGAAATGCGTAGATATCGGGAGGAATACCAGTGGCGAAGGCGGCTACCTGGACTGAAACTGACACTGAGGTACGAAAGCGTGGGTAGCAAACAGG"	0.0110497237569061	0.0497237569060773	0.0123456790123457	0.0467289719626168
"b230be8a10f78f48e504b8dc5cfa7afb"	"k__Bacteria; p__OP3; c__koll11; o__; f__; g__; s__"	0.998683513414598	"GACAGAGGTGGCAAGCGTTGTTCGGATTCATTGGGTGTAAAGGGCAGGTAGGTGGTTGTGTAAGTCCGGTGTGAAATCCCAGGGCTCAACTCTGGAACTGCATTGGAAACTACATGACTTGAGTACCGGAGAGGTGAGGGGAATTCTCGGTGTAAGGGTGAAATCTGTAGATATCGAGAGGAACACCAGTGGCGAAGGCGCCTCACTGGCCGGTTACTGACACTGAGCTGCGAAAGCAAGGGGAGCAAACAGG"	0	0.0257826887661142	0	0.014018691588785
"b39be459cc96689db8cd6b00a0d86e8e"	"k__Bacteria; p__Proteobacteria; c__Betaproteobacteria; o__Gallionellales; f__Gallionellaceae"	0.763401292335895	"TACGTAGGGTGCGAGCGTTAATCGGAATTACTGGGCGTAAAGCGTGCGCAGGCGGTTTTGTAAGACAGACGTGAAATCCCCGGGCTTAACCTGGGAACTGCGTTTGTGACTGCAAGGCTAGAGTACGGCAGAGGGGGGTAGAATTCCACGTGTAGCAGTGAAATGCGTAGATATGTGGAGGAATACCGATGGCGAAGGCAGCCCCCTGGGTCGATACTGACGCTCATGCACGAAAGCGTGGGGAGCAAACAGG"	0.230662983425414	0.0313075506445672	0.386083052749719	0
"b39f90da9ee92988c2e0f57748c70f4c"	"k__Bacteria; p__OD1; c__ABY1; o__; f__; g__; s__"	0.999889985411174	"TACGAGGGCTCCAAGCGTTATCCGGATTTATTGGGCGTAAAGGGTCCGTAGGCGGTTTATCGCATCTCCTGTTAAATCTCATGGCTTAACCATGGGGCCGCGGGAGAGATGGATAAACTAGAGACCGGGAGAGGCAAGTGGAATTGCTGGTGTAGGGGTTAAATCCGTTAATATCAGCAAGAACACCTAATGCGAAAGCAGCTTGCTAGAACGGTTCTGACGCTCAGGGACGAAAGCGTGGGTAGCGAATGGG"	0	0.0239410681399632	0	0.0202492211838006
"b7d6cf3f7467ca45087ca083796a0af0"	"k__Bacteria; p__Proteobacteria; c__Betaproteobacteria; o__Burkholderiales; f__Comamonadaceae; g__Rhodoferax; s__"	0.989531521257386	"TACGTAGGGTGCGAGCGTTAATCGGAATTACTGGGCGTAAAGCGTGCGCAGGCGGTTCTATAAGACAGATGTGAAATCCCCGGGCTCAACCTGGGAATGGCATTTGTGACTGTAGAGCTAGAGTACGGTAGAGGGGGATGGAATTCCGCGTGTAGCAGTGAAATGCGTAGATATGCGGAGGAACACCGATGGCGAAGGCAATCCCCTGGACCTGTACTGACGCTCATGCACGAAAGCGTGGGGAGCAAACAGG"	0.111878453038674	0	0.111111111111111	0
"c02e74171a45a7d8308e4581e6b79eab"	"k__Bacteria; p__OD1; c__; o__; f__; g__; s__"	0.994975478185093	"TACGAGGGCGCCAAGCGTTATCCGGATTTATTGGGCGTAAAGAGTTCAAAGGCGGTTATGTTAGTCCAATGTTAAAGCTCGGGACTCAATCCCGAAAGCGCGTTGGAAACGGCATAACTTGAGGAAATTAGAGGCAAGTAGAACGGCCGGTGTAGGGGTGAAATCCGTTGATATCGGCCGGAATACCAAAGGCGAAGGCATCTTGCTGGAATTTTCCTGACGCTGAAAGAACGAAAGCGTGGGTCGCGAATGGG"	0	0.0128913443830571	0	0.014018691588785
"c1cd0bc45f873697ab9156e7147e8d76"	"k__Bacteria; p__OP3; c__PBS-25; o__; f__; g__; s__"	0.992239242265487	"GACAGAGGTGGCGAGCGTTGTTCGGATTCATTGGGTGTAAAGGGTGCGTAGGCGGTTTGGAAAGTCAGATGTGAAAGCCCACAGCTCAACTGTGGAATTGCATCTGAAACTTCCGAACTTGAGTGCGAGAGAGGTGAAGGGAATTCCCGGTGTAAGGGTGAAATCTGCAGAGATCGGGAGGAACACCAGTAGCGAAGGCGCTTCACTGGTTCGCAACTGACGCTGAGTGCACGAAGGCGTGGGGAGCAAACGGG"	0	0.0497237569060773	0	0.0389408099688473
"c4dc084b83476f4b2c829da5b52fcb4d"	"k__Bacteria; p__Proteobacteria; c__Betaproteobacteria; o__Burkholderiales; f__; g__; s__"	0.948104193982117	"TACAGAGGGTGCAAGCGTTAATCGAAATTACTGGGCGTAAAGCGTGCGTAGGTGGTTTGCTAAGTCGGGTGTGAAATCCCCGGGCTCAACCTGGGAACTGCGCTTGATACTGGCAGGCTTGAGTTTGGTAGAGGGTAGTGGAATTCCCGGTGTAGCGGTGAAATGCGTAGATATCGGGAGGAACACCAGTGGCGAAGGCGGCTACCTGGACCAAAACTGACACTGAGGCACGAAAGCGTGGGGAGCAAACAGG"	0	0.0202578268876611	0	0.0264797507788162
"cbff13b5013921139f28a5115cf9f7a8"	"k__Bacteria; p__; c__; o__; f__; g__; s__"	0.710896492436414	"GACAGAGGTGGCAAGCGTTGTTCGGAATCATTGGGCGTAAAGGGCGTGTAGGCGGTGTGGTCAGTCCGGTGTGAAATCCTATGGCTCAACCATAGAACGGCATTGGATACTGCCGCACTTGAGTGCAGGAGAGGAGGGTGGAATTCCCGGTGTAGAGGTGAAATTCGTAGAGATCGGGAGGAACACCAGTGGCGAAGGCGGCCCTCTGGACTGTAACTGACGCTAAAGCGCGAAAGCGTGGGGAGCAAACAGG"	0	0.0202578268876611	0	0.0171339563862928
"d69464b2275c7c4514b5858d01db39b8"	"k__Bacteria; p__OD1; c__ZB2; o__; f__; g__; s__"	0.98586658125027	"TACGAGTACCCCGAGCGTTATCCGGAATTATTGGGCGTAAAGGGTGTGTAGGGGGCTATTTTAGTCTTGTTTTAAATATTTCGGCTTAACCGAAAAAGTGAACAGGATACGGAATAGCTAGAGAATGCGAGAGGTATGTGGAACTCACGGTGTAGGGGTGAAATCCGTTGATATCGTGGGGAACACCAAAGGCGAAGGCAACATACTAGCGCATTTCTGACCCTGAAACACGAAAGCGTGGGTAGCGAATGGG"	0	0.0294659300184162	0	0.0280373831775701
"d88abff2ed5af388abe3bd71809f70e1"	"k__Bacteria; p__; c__; o__; f__; g__; s__"	0.758528037878771	"GACAGAGGTGGCAAGCGTTGTTCGGATTTACTGGGCGTAAAGCGCGTGTAGGCGGTTTAGTAAGTCAGGCGTGAAATCTTCCGACTTAATCGGGAAACTGCGCTTGATACTGCTTTACTTGAGTGTGGGAGAGGAGAGTGGAATTCCCGGTGTAGCGGTGAAATGCGTAGATATCGGGAGGAACACCAGTGGCGAAGGCGGCTCTCTGGACCACTACTGACGCTGAGACGCGAAAGCGTGGGGAGCAAACAGG"	0.00828729281767956	0.0939226519337017	0	0.0747663551401869
"da13eb51a23731d1542076afd2a4882d"	"k__Bacteria; p__Firmicutes; c__Bacilli"	0.997332463687029	"TACGTAGGTGGCAAGCGTTGTCCGGAATTATTGGGCGTAAAGCGCGCGCAGGCGGTCTCTTAAGTCTGATGTGAAATCTCGCGGCTCAACCGCGAGCGGCCATTGGAAACTGGGAGGCTTGAGTGCAGAAGAGGAGAGTGGAATTCCATGTGTAGCGGTGAAATGCGTAGATATATGGAGGAACACCAGTGGCGAAGGCGACTCTCTGGTCTGTAACTGACGCTGAGGCGCGAAAGCGTGGGGAGCAAACAGG"	0.0303867403314917	0	0.0235690235690236	0
"e04265a1b5b74d599d1000ac0f280268"	"k__Bacteria; p__Nitrospirae; c__Nitrospira; o__Nitrospirales; f__0319-6A21; g__; s__"	0.999999942797929	"GACAGAGGGGGCAAGCGTTGCTCGGAATCACTGGGCGTAAAGGGCGCGTAGGCGGGATGGCAAGTCGGTCGTGAAATCCTTCGGCTCAACCGAAGAACGTCGGCCGATACTGCCGTTCTTGAGGGATGCAGAGGAGACTGGAATTCCCGGTGTAGCGGTGAAATGTGTAGAGATCGGGAGGAACACCGGTGGCGAAGGCGGGTCTCTGGGCATCTCCTGACGCTGAGGCGCGAAAGCGTGGGGAGCAAACGGG"	0	0.0184162062615101	0	0.0155763239875389
"e149acb95b2ccf99ebccc818ef8aac1f"	"k__Bacteria; p__OP3; c__BD4-9; o__; f__; g__; s__"	0.977882975137315	"TACGGAGGTGGCGAGCGTTACTCGGATTTACTGGGTGTAAAGGGTATGTAGGTGGCCTTATAAGTCGAATGTGAAATCCCACAGCTTAACTGTGGAACTGCATTCGAAACTGTTTGGCTTGAGTACAGGAGAGGAGAATGGAATTCCCGGTGTAACAGTGAAATGTGTAGAGATCGGGAGGAACACCAGTGGCGAAAGCGATTCTCTGGCCTGATACTGACACTGAAATACGAAAGCTTGGGGAGCAAACAGG"	0	0.0110497237569061	0	0.00623052959501558
"ec03d66fcea8850ab39fe2bce3814f30"	"k__Bacteria; p__AC1; c__HDBW-WB69; o__; f__; g__; s__"	0.900153304182583	"TACGTAGGGGCCAAGCGTTGTCCGGAATCATTGGGCGTAAAGGGCGCGTAGGCGGTTTAGCAAGTCAGTTGTTAAATCTACAGGCTTAACCTGTAGCCGCATTTGATACTACTAAACTAGAGAATGGCAGAGGAAAGCGGAACTTCCGGTGTAGCGGTGAAATGCGTAGATATCGGAAGGAACACCAGTGGCGAAGGCGGCTTTCTGGACCATTTCTGACGCTGAAGCGCGAAAGCCAGGGGAGCAAACGGG"	0	0.0368324125230203	0	0.0404984423676012
"ee6a011da2550805c6fd434ab053464a"	"k__Bacteria; p__Acidobacteria; c__; o__; f__; g__; s__"	0.999826651274558	"TACGGAGGGGGCCAGCGTTGCTCGGAATTATTGGGCGTAAAGGGCGCGTAGGCGGCCAGGTAAGTTTGATGTGAAATCCCACGGCTTAACCGTGGAATTGCATCTTATACTGCCCGGCTGGAGTCTGGGAGAGGGAAGCGGAATTCCCGGTGTAGCGGTGAAATGCGTAGATATCGGGAGGAACACCAGTGGCGAAGGCGGCTTCCTGGACCAGTACTGACGCTGAGGCGCGAAAGCTAGGGGAGCAAACAGG"	0	0.00736648250460405	0	0.0264797507788162
"f86222ce0aa7c48d5994451baf572b60"	"k__Bacteria; p__Proteobacteria; c__Betaproteobacteria; o__Burkholderiales; f__Comamonadaceae"	0.999998685975017	"TACGTAGGGTGCAAGCGTTAATCGGAATTACTGGGCGTAAAGCGTGCGCAGGCGGTTATGTAAGACAGATGTGAAATCCCCGGGCTTAACCTGGGAACTGCATTTGTGACTGCATAGCTAGAGTACGGTAGAGGGGGATGGAATTCCGCGTGTAGCAGTGAAATGCGTAGATATGCGGAGGAACACCGATGGCGAAGGCAATCCCCTGGACCTGTACTGACGCTCATGCACGAAAGCGTGGGGAGCAAACAGG"	0.0179558011049724	0	0.0347923681257015	0
"fb6835364f1d79a14457f24bc50738d0"	"k__Bacteria; p__Nitrospirae; c__Nitrospira; o__Nitrospirales; f__; g__; s__"	0.999999912914039	"GACAGAGGGGGCGAGCGTTGTTCGGAATGATTGGGCGTAAAGGGCGTGTAGGCGGTCCAGCCAGTCGGATGTCTAATCCCGGGGCTCAACCCCGGACCGGCGTTCGATACTACTGGACTTGAGGCTCGGAGAGGCGCGTGGAATTCCTGGTGTAGCGGTGAAATGCGTAGATATCAGGAGGAACACCGGTGGCGAAGGCGGCGCGCTGGCCGAGATCTGACGCTGAGGCGCGAAAGCGTGGGGAGCAAACAGG"	0	0.0349907918968692	0	0.0218068535825545
"fc3f584449d707e80bd4aa0efcd65508"	"k__Bacteria; p__Proteobacteria; c__Gammaproteobacteria; o__; f__; g__; s__"	0.936831773704593	"TACAGAGGGTGCGAGCGTTAATCGGAATTACTGGGCGTAAAGGGCGCGTAGGTGGTTTGGTAAGTTGGATGTGAAATCCCCGGGCTCAACCTGGGAATTGCATTCAATACTGCTTGACTAGAGTATGGTAGAGGGAAGCGGAATTCCACATGTAGCGGTGAAATGCGTAGATATGTGGAGGAACATCAATGGCGAAGGCAGCTTCCTGGACCAATACTGACACTGAGGCGCGAAAGCGTGGGTAGCAAACAGG"	0.00552486187845304	0	0.0168350168350168	0
